Unit: dimensionless (% of output purchased),ISIC 01T03,ISIC 05,ISIC 06,ISIC 07T08,ISIC 09,ISIC 10T12,ISIC 13T15,ISIC 16,ISIC 17T18,ISIC 19,ISIC 20,ISIC 21,ISIC 22,ISIC 231,ISIC 239,ISIC 241,ISIC 242,ISIC 25,ISIC 26,ISIC 27,ISIC 28,ISIC 29,ISIC 30,ISIC 31T33,ISIC 351,ISIC 352T353,ISIC 36T39,ISIC 41T43,ISIC 45T47,ISIC 49T53,ISIC 55T56,ISIC 58T60,ISIC 61,ISIC 62T63,ISIC 64T66,ISIC 68,ISIC 69T82,ISIC 84,ISIC 85,ISIC 86T88,ISIC 90T96,ISIC 97T98
agriculture and forestry 01T03,0.4839997145078976,1.3806554874674131e-5,0,3.074838952969214e-4,2.871597190222794e-4,0.3688843882194773,8.367894728892507e-4,0.019559733163989755,0.013282376113006082,0,0.00725455565822428,0.00128021570439252,0.011342129446680367,0,0,0,0,0,0,0,0,0,0,6.134792973968531e-4,0,0,0,0.00263795567674977,0.0075555343205649566,6.507653001581911e-5,0.04153183212060789,0,0,0,1.0588984911031848e-6,4.554039377665758e-6,0.0061406539909541966,0.032075073011010036,3.23336171190167e-4,0,0.0020030934878905175,0
coal mining 05,0.02979276831934009,0.003585820796854773,0.010472908741664386,0.07985932453548734,0.013667575391596937,0.012276444444514999,1.0186514758014064e-4,5.738238116436123e-5,0.026774425455863306,0.06102854565148457,0.017787166716623424,0.0031389117735217804,0.0026262561651475623,0.019861920347833125,0.17875728313049813,0.032121938766420166,0.03623306377793279,0.011055724262545513,2.506318046514389e-5,7.032240165544019e-4,0.0028921481006288718,5.664389356294372e-4,8.231645409082722e-4,5.211088438909532e-4,0.06494511479406667,0.01804030966501852,0.007660887696543457,0.16703681542487578,2.571927337052754e-4,0.0031506339608990256,0.010097103232433199,8.526283967077348e-4,0.0020192613646812844,0.0013437539286232812,0,4.8607535262317566e-5,0.02137263659000449,0.1327441606043019,0.002412565314239804,0.0019205770095647686,0.021367278324922027,0
oil and gas extraction 06,0,0,0.12275466284582127,0,9.005734918721954e-5,1.7590307696041638e-7,0,2.555416638928222e-6,6.169934597322478e-6,0.8246238764490397,3.90178988013946e-4,6.885511553187282e-5,0,3.898785377343859e-8,3.508906839609473e-7,0.03346568985071556,2.502503498843312e-7,0,0,0,0,1.2798238494710714e-7,0,0,0.008109963679342878,0.0023875766265885993,9.040845330265264e-4,0,1.64881668263486e-5,1.0556553322361714e-4,3.685164279528004e-7,6.172485786189927e-5,2.3920693755399313e-6,2.6469825244311177e-6,0,1.8936902382641585e-5,5.72506561643335e-6,0.006807115752223367,1.4058113703349387e-4,4.3877160345478586e-7,3.340144204748331e-5,0
other mining and quarrying 07T08,0.02979276831934009,0.0035858207968547723,0.010472908741664386,0.07985932453548734,0.013667575391596938,0.012276444444514997,1.0186514758014064e-4,5.7382381164361224e-5,0.026774425455863306,0.06102854565148458,0.017787166716623424,0.003138911773521781,0.0026262561651475623,0.01986192034783312,0.1787572831304981,0.032121938766420166,0.03623306377793279,0.011055724262545513,2.506318046514389e-5,7.032240165544019e-4,0.0028921481006288718,5.664389356294372e-4,8.231645409082723e-4,5.211088438909532e-4,0.06494511479406667,0.018040309665018524,0.0076608876965434565,0.16703681542487575,2.571927337052754e-4,0.0031506339608990256,0.010097103232433199,8.526283967077347e-4,0.002019261364681284,0.0013437539286232812,0,4.8607535262317566e-5,0.021372636590004487,0.1327441606043019,0.002412565314239804,0.0019205770095647686,0.021367278324922027,0
food beverage and tobacco 10T12,0.12732191901548717,0,0,0,0,0.3297021176260201,2.628557165975735e-4,2.905848048851183e-5,0.0018324078048556336,0.0022283394115751,0.003454411472472269,6.096020245539298e-4,0.0010115267144956662,1.9745577607170652e-4,0.0017771019846453582,9.374338170420305e-5,4.0471361347453235e-6,0,0,0,0,0,0,5.3072880111270285e-6,0,0,0,0,0.016347463305914713,0.0014429578793663262,0.21598898081667725,6.520639985203431e-5,0,7.297710335234196e-5,0,0,0.007766004508979746,0.20703785780319864,0.006825683469192246,0.06046002678926491,0.015462948091088773,0
textiles apparel and leather 13T15,0.004986096726569496,1.3915063114072785e-6,0,3.099004674559407e-5,0,0.002740304883275877,0.051389476616738726,0.003140186496240839,0.07576998584009201,8.3365411349748e-4,5.346989772771029e-6,9.435864304890052e-7,0.08376796757676916,5.479546109813719e-4,0.004931591498832347,3.3831956739231766e-5,0,5.688729030789752e-6,1.583457034022561e-6,0,0.00843807183665404,0.030416091908349326,0.01047658906880612,0.02481948024862497,0,4.397272851802273e-4,0.0036410031876409374,0.014196406413230027,0.20824370457929167,5.911191692309434e-4,0.04922161666891254,0.00829527692940557,0.019050812859156118,2.3244393898977696e-6,0,3.942055334088237e-4,0.015769229720232907,0.20410719319444626,9.385372727433516e-4,0.11595795150905554,0.05681366354117905,0
wood products 16,0.010468679638748262,6.61075958623147e-5,0,0.001472273225940366,0.02117215481961157,0.0027753743017124633,1.6008813000232698e-4,0.14640069828043617,0.06724281246482254,0,6.413993335762296e-4,1.1318811768992289e-4,0.03495263011053039,2.8249200115879167e-4,0.002542428010429125,0.0011499567052967745,0.001405502639807169,0.003677640251858683,6.671947828888224e-4,0.0033874210200732424,0.018190682590752377,0.016592308586196605,0.0016266280428001252,0.03214590071279602,4.4218531643209276e-5,0.0016896386178213245,2.560686219562695e-4,0.37828446358940976,0.06559022392299486,0.049838753545803034,0.014890666258524948,0.0018936261795569544,0.004484463024891875,0.001879084310278017,0.0015397303726982416,0.03271489767849452,0.019290095776533102,0.040768434325788874,1.926766211191287e-4,0.014240096370646192,0.0052693008888493814,0
pulp paper and printing 17T18,0.004427455737738625,2.884168207464021e-5,0.003880719808173045,6.423291568190779e-4,0.002360088407087959,0.07498121938310705,3.452567205919127e-4,0.0021566157718903344,0.3270803029326075,0.0024450668099308417,0.006003994739122197,0.0010595284833745055,0.030206028134574108,9.391850857004776e-4,0.0084526657713043,0.001486663777216668,0.0016957554778005627,0.013458864737074375,5.901338350168793e-4,0.002558323635034762,0.01493477853054749,0.009515338868479713,0.0013740118552557886,0.004409745764318992,1.2454700003222067e-4,0.0046933039078940805,0.001116281115801902,0.009949773652637054,0.10048003563305194,0.01152896881159042,0.03439160991952915,0.01769940735450282,0.0022153668363255816,0.0041961253151131936,0.019216512487665056,0.0019470988221856743,0.07199590836784142,0.14111960320421052,0.0021149885527709518,0.049790960692400965,0.012386593221605253,0
refined petroleum and coke 19,0.039911042602216756,3.413221249319543e-4,0.11950681759637852,0.0076015383618700805,0.04437688624895368,0.00454075343045238,3.8758278712049646e-5,0.0010320934890050363,0.006199028513167562,0.07438946232194195,0.00565331488009645,9.976438023699618e-4,0.002808203941208673,2.0281484724183672e-4,0.0018253336251765307,0.0039005051874609164,0.001077484217890652,0.005265063830953401,9.163922947330908e-5,7.192940962667951e-4,0.004114614268506938,5.046282887615856e-4,2.930508292789487e-4,8.277736342926806e-4,0.037000542773274685,0.016657173310301417,0.00661796678397938,0.07172104221294907,0.014893607882757487,0.15502725007108675,0.009955432173307294,8.97250637622884e-4,7.705701352148341e-4,0.001019207213569245,0.007085492076192094,0.005439063623125908,0.018587937460736115,0.31206352035895835,0.001349585574120892,0.007863191884335334,0.0068320981818595855,0
chemicals 20,0.07184142871981011,1.3813313198704006e-4,0.11413152259622236,0.0030763440900705747,0.02583652347952476,0.010991463585374181,0.004146430675062674,0.002660857664900242,0.024446523519428016,0.085978038190442585,0.10384884516852001,0.01832626679444471,0.18898458248048006,0.001021298908270976,0.009191690174438783,0.0040973437912207936,7.43258507722873e-4,0.0177510642758155,9.175036216062451e-4,0.0019395762977252708,0.007571636892477201,0.008744681160271937,0.0013508064202480102,0.004505320020944209,0.0014025624079531385,4.8388565204160445e-4,0.0024539317605802467,0.017116924267967435,0.004058277909028644,0.001959669509589921,0.0028626269779843997,7.71069591838097e-4,0.0010356826662303446,3.261158780756694e-4,1.4548773856652063e-4,0.010745481945039916,0.0590139461763613,0.09053155023777917,5.900152722352293e-4,0.08414963393368044,0.010111997908038748,0
rubber and plastic products 22,0.015457500350642205,3.1985616800217915e-4,0.004141528046500872,0.007123472970977337,0.04309754440968534,0.05665164790048557,4.976609686868697e-4,0.002898617000500017,0.022203065419693874,0.004440048257606945,0.010325046172952702,0.0018220669716975354,0.13420614991276258,7.298967841840331e-4,0.006569071057656298,8.581644276443661e-4,8.286363119568986e-4,0.01878109255013909,0.0028595848283328577,0.004815392818630407,0.0938314470382335,0.052528288808810296,0.009043107962508148,0.010735456325845454,1.0286067593893387e-4,0.012079135449833165,0.0012692908937149447,0.10856396089144175,0.08683310662171112,0.01664496750519612,0.02786420089188055,0.004553613914622796,0.01111147873084615,0.0025672029808288437,0.00283427776660391,0.0013879250041634857,0.035613235626956036,0.10804466856076841,0.0015182415101269702,0.06008849738075659,0.014158992130474883,0
glass and glass products 231,4.215886255329991e-4,1.3008982809179748e-4,0.08113318073732634,0.00289721276909906,0.04957260166869703,0.01927696411061041,4.305002578982086e-5,0.0035225629634503654,0.004660804198822229,0.017334245769115242,0.002418320527001736,4.2676244594148287e-4,0.022056305122104238,0.015608972963743781,0.14048075667369403,0.0045933849293345996,0.004754339305474115,0.019332006145087312,5.355960764342745e-4,0.006804692491931578,0.02435902087189191,0.024695471323061772,0.0015659210361507212,0.0026843817159965234,3.541045284255734e-4,9.836236900710373e-5,0.001565493439320993,0.38835129406731744,0.008738065102370147,0.0019786428834732968,0.017570066105953346,0.003531005665576403,0.010564484711181172,0.0011191005464943912,3.1699292129492565e-4,7.446765232060001e-4,0.02954365761825372,0.03915547956462821,2.5782926831176495e-4,0.036063593787042526,0.010738918573759556,0
cement and other nonmetallic minerals 239,4.215886255329991e-4,1.3008982809179748e-4,0.08113318073732635,0.0028972127690990598,0.04957260166869703,0.01927696411061041,4.3050025789820864e-5,0.003522562963450365,0.004660804198822228,0.017334245769115242,0.0024183205270017364,4.2676244594148287e-4,0.022056305122104238,0.015608972963743781,0.14048075667369403,0.0045933849293345996,0.0047543393054741145,0.019332006145087316,5.355960764342745e-4,0.006804692491931578,0.02435902087189191,0.024695471323061772,0.001565921036150721,0.002684381715996523,3.5410452842557337e-4,9.836236900710374e-5,0.0015654934393209933,0.38835129406731744,0.008738065102370147,0.0019786428834732968,0.017570066105953342,0.0035310056655764033,0.01056448471118117,0.0011191005464943912,3.1699292129492565e-4,7.446765232060001e-4,0.02954365761825372,0.03915547956462821,2.5782926831176495e-4,0.036063593787042526,0.010738918573759556,0
iron and steel 241,0.006366796511128093,9.742454142773611e-5,0.12690868648642104,0.002169728637421842,0.01804667629441247,0.004546820492817739,3.647270421516144e-5,5.329748646371137e-4,0.004687670028122839,0.010720306209483142,8.50558530774498e-4,1.5009856425432318e-4,0.006727625741027417,5.809152602304758e-4,0.005228237342074282,0.05818288299632793,0.07058067346402061,0.28840280281304903,0.0035844116117637512,0.02023903623700291,0.1677290775712872,0.05064872217827253,0.013146641634668199,0.007969877629665873,0.005302341267102002,0.0023861248849491685,0.001526597979923708,0.02147910782857691,0.004869840325131844,0.024807369494900783,0.001750013319789457,3.402077555485034e-4,6.598953901984964e-4,4.139006367272153e-4,0.001014358635333513,0.0037676802697969333,0.007430672375144238,0.04943485564463073,4.348865481432281e-4,0.0022948321226059637,0.003952197176991099,0
other metals 242,7.622589038248556e-4,5.667438787329652e-5,0.1281453830109434,0.001262187540992997,0.013647452311327656,0.004547834171262028,3.6090832815001804e-5,4.4958264609747524e-4,0.00443515383072348,8.253009465988822e-5,4.811901535369694e-5,8.49159094477005e-6,0.007382478642366102,6.440878823897996e-4,0.005796790941508196,0.06725232599461485,0.08219319374245168,0.33570916056701045,0.0041679803739633975,0.023500374369794637,0.19506561124055255,0.059026745020841875,0.015294206163680787,0.0091631729068542209,6.23886125850625e-6,1.7330170162517364e-6,6.759373969583016e-4,0.013084737898299047,0.0031950797092268877,0.0030503678342894635,3.7906050650107743e-4,2.4713761252043187e-4,6.414039693766242e-4,3.1276664597819137e-4,0,0.003488427284515462,0.00556652817595584,0.00555513260210544,2.820595900850665e-4,0.0013644763885447035,0.0034710263245215996,0
metal products except machinery and vehicles 25,0.008997028857438591,9.818959419522204e-5,0.21372648990477003,0.0021867670229705626,0.01713778319756796,0.02463754964147349,2.4787814476215657e-4,0.0035593893840163942,0.019524496245431282,0.005604771797562232,0.004844718215532092,8.549502733291927e-4,0.02695366096886052,5.943434988520173e-4,0.005349091489668156,0.002556011196493027,0.0028460107823995366,0.14027697942430312,0.003596896401205452,0.010179761637015818,0.1080140779595706,0.0287489446082894,0.01886406019618927,0.0064493901217730866,0.001961389363159396,0.04778425815188826,0.0057291016900893905,0.15403293675079055,0.010003338209115805,0.0099705257737929,0.009479161564003472,0.0059007068954320925,0.014935145460220801,0.0022964394492583085,5.949628604357405e-4,0.002141913629030019,0.017244518143424703,0.042339832996665445,4.684897989172029e-4,0.00855020338874176,0.010717835311365035,0
computers and electronics 26,1.7714612054663768e-4,9.075663613555783e-6,0.00466953005943379,2.0212286306264593e-4,0.008878371067548992,0.011424267260068241,3.0158489082515196e-4,0.0027108120920894823,0.001596583186623704,0.0035783430359161996,0.005288591759424147,9.332808987219083e-4,0.014812288662927378,3.6568463681354554e-4,0.0032911617313219096,0.001449830749325343,0.0015945255739056713,0.04537334596715251,0.04715303816734306,0.006214373078349699,0.05950720008641843,0.055128177690955196,0.050776086920304365,0.0038513470242382596,4.002933780836298e-4,0.0013569167852096552,0.0044931840666472996,0.03277650408877075,0.21411264743025515,0.004107751556765257,0.0019732080651067054,0.031834240534033484,0.06271029495218226,0.017534322223519472,0.004670004406733978,0.001839990977525819,0.11171940679226447,0.11112940973600643,0.0021885903695592563,0.045616999493806175,0.022249465956600406,0
appliances and electrical equipment 27,0.04047832598597747,2.513845894728552e-5,0.01105310478032954,5.598551810380964e-4,0.038784694163573406,0.010560544101538423,9.410441820715007e-5,0.0020712817363425446,0.007270232046518473,0.002944096565690778,0.0020262566135825465,3.5757469651456704e-4,0.013363837775175354,1.3550973901396417e-4,0.0012195876511256775,0.003297775128925062,0.0038845835889912686,0.04039497369964953,0.005490592786576173,0.043910118819354485,0.23818321686205182,0.023347346944063936,0.008407454671915539,0.002563400337822055,1.423306795026287e-4,5.390752581972534e-4,0.007701686728494545,0.23456121209566771,0.023747648381028007,0.004029804472271439,0.007860065134541428,0.006313349594714111,0.01888936313223572,0.00786673771997848,0.0010586953383543158,0.00671468413103799,0.046560880414464316,0.08324221010121312,0.0015915547084811462,0.019071144466535312,0.02968595089035731,0
other machinery 28,0.016416330834727016,5.255218443647758e-4,0.26847302337155166,0.011703825120437052,0.12439257933628295,0.009977356454304783,1.8869918112901577e-5,7.503215864678283e-4,0.008532432733330994,3.749058535659844e-4,0.003078194585610845,5.432108092254433e-4,0.009424611894015753,5.5976546537089105e-5,5.037889188338019e-4,6.601626598659315e-4,7.882697267040068e-4,0.026470248235049516,3.6199243684051314e-4,0.003711039844042067,0.223079225129635,0.05440416471074911,0.007594094659852071,9.216199933162747e-4,0.005061444584840473,0.0053232160878476575,0.013241047724188295,0.0812039677234174,0.009723576926065604,0.023240866313416354,0.0019618960439488787,7.957788186953587e-4,0.00196918066754624,0.0027077817116928967,0.0013212491995442989,1.9148602007361642e-4,0.02155488025004267,0.03196223508649423,0.002776931876781744,0.0058114600337873575,0.018391233728193655,0
road vehicles 29,0.010181448976600721,1.5200511472987497e-4,0.04001485750095619,0.0033852851204707614,0.020279362482446262,0.017312968417032417,6.18004821231904e-5,0.004617855854108051,0.009737558396770948,0.0015861978709114963,0.001636860619659265,2.888577564104585e-4,0.005314778108002227,3.562457272459107e-4,0.0032062115452131962,9.391590234000861e-4,0.0010691838535947828,0.011492086884307195,0.0012321559960748196,0.0018296072343386074,0.10306286436930631,0.36629394090061845,0.00838086120901417,0.0020473193190201056,1.5248992480923075e-4,1.6257109716148085e-4,0.004494969378543905,0.0073280448962914765,0.07799036331555202,0.044895089931574345,0.00618351519802091,0.0017430481481084976,0.003296521444514046,3.539703988100188e-4,4.1227594905356363e-4,0,0.0706937210978328,0.09908447711747104,0.0011390100785748736,0.020430391115766805,0.047160068145559536,0
nonroad vehicles 30,2.7626242140976293e-5,2.3820863409276434e-6,0,5.305111910181068e-5,0,0,0,3.1174312797858494e-5,0,0,0,0,0,0,0,0,0,7.088167477253596e-4,0,0,0.0019398383715297808,0.0017133199313369863,0.6522264354692351,0,0,0,3.3588365124024764e-4,1.4389276141081443e-4,3.567465000255342e-4,0.044088609198333586,0,2.9653479945402745e-6,8.896043983620824e-6,0,0,0,0.004963055896478423,0.2921138019799223,0,0,0.0012835043404021546,0
other manufacturing 31T33,0.0014778820051334104,1.5074029328468534e-5,0.004043720742841183,3.357116455054063e-4,0.0020772209745553473,3.214490707187685e-4,6.339793978533215e-4,0.002751237704563022,1.3130666133212507e-5,1.9936342031140322e-5,9.371686929447033e-4,1.6538271051965353e-4,0.006946944489758184,8.939217212405061e-5,8.045295491164554e-4,5.209613101885941e-5,6.268418432986516e-5,0.0010170388549527968,1.236861112301489e-4,0.002933604786836114,0.05004106628796187,0.01302639113045088,0.0017137975361166318,0.03700167274395287,0,8.36433561695924e-5,0.0016076186450415797,0.1443842305220506,0.05513645049672977,0.0023291028180630496,0.014016519550070676,4.4717363923515573e-4,0.0012495878331170163,6.952901448808248e-4,5.166945724623614e-4,0.02990745836633132,0.04003803608437127,0.11444552501495171,0.0016581926487907058,0.44030366005521254,0.026576018292545397,0
energy pipelines and gas processing 352T353,0.01757015250076231,1.793190121866885e-4,0.404558548285664,0.003993589195020708,0.00635895605815737,0.005998199126141735,1.9196987911097293e-4,8.732167178685205e-4,0.008589251288400093,0.173063285704718,0.003433440719683239,6.059013034735128e-4,0.007647171194475355,5.648844391972356e-4,0.005083959952775121,0.008285135896863811,0.0015421461438806024,0.007691291613388476,3.4580448747380417e-4,4.1120315194406146e-4,0.004721265070227163,0.001486974307939616,0.0019858348103197923,5.174166347517652e-4,0.05912234248854354,0.0368409968032421,0.007606442656665286,0.008573576599362372,0.04634684749174431,0.015918444816969003,0.021731944778457635,0.001675536323011157,0.0031895348265932695,7.708237016206292e-4,0.002517372908479127,0.014303455529946876,0.011645675024834483,0.07750172207370289,0.0024228269442746666,0.014779091374067535,0.00935444816406126,0
water and waste 36T39,0.01696024362714868,1.8826944856776035e-4,0.09963462496790333,0.004192923139515982,0.011098532960793689,0.010696423597174343,2.533168657268734e-4,0.0011966699623875158,0.010906053796670076,0.012867648258769732,0.004989265930333906,8.804586935883364e-4,0.010114195848820494,7.671141822183415e-4,0.006904027639965072,0.002151588982504856,0.001991470231361616,0.010924997922627267,4.642352230587591e-4,5.708962380421047e-4,0.007541021178735364,0.0019953557506468002,0.0026927160353752565,8.734687938259523e-4,0.02860135633068181,0.047615409124443495,0.05585500183725281,0.014954357684200574,0.06824340030724331,0.019977123840354535,0.03453968412810025,0.001928183459508228,0.0033854594885705676,0.001293207625924051,0.007804383312800743,0.1405233552139704,0.03825584116931791,0.25341542910829773,0.0030543089904112005,0.039956126350015726,0.019741852753144534,0
construction 41T43,0.009364070912865358,4.986667621476196e-4,0.005270838557332017,0.011105739257337538,0.061544260497521056,0.0048325237604653765,9.170727025781533e-5,5.656098267316931e-4,0.006014863110420596,0.04467501828109351,0.0016644917696477142,2.937338417025378e-4,0.004538434477687103,4.622367072656858e-4,0.004160130365391172,0.0027723843392223257,0.00117253925394035,0.008060641240050948,4.399212505278658e-4,3.121415365384832e-4,0.0061385808097930376,0.0014200605627412463,0.0010855985879621888,5.182398336160087e-4,0.01815508584399397,0.05203475000434706,0.0023610009868003674,7.653870466658866e-4,0.03851681993875984,0.025069487033838506,0.01271764329137348,0.0018418166193436398,0.004479031395466527,5.461121280804993e-4,0.012838001077203367,0.27446145069913563,0.0126514653079777,0.33987382685647854,0.0031087105914194024,0.009702540542722994,0.013874437824133395,0
