Fuel (BTU),2024.0,2025.0,2026.0,2027.0,2028.0,2029.0,2030.0,2031.0,2032.0,2033.0,2034.0,2035.0,2036.0,2037.0,2038.0,2039.0,2040.0,2041.0,2042.0,2043.0,2044.0,2045.0,2046.0,2047.0,2048.0,2049.0,2050.0
electricity (not used in this variable),0.0,0.0,0.0,0.0,0.0,0.0,0.0,0.0,0.0,0.0,0.0,0.0,0.0,0.0,0.0,0.0,0.0,0.0,0.0,0.0,0.0,0.0,0.0,0.0,0.0,0.0,0.0
hard coal,2419000000.0,2419000000.0,2405990000.0,2051730000.0,1926720000.0,1856830000.0,1888260000.0,1800320000.0,1773440000.0,1831710000.0,1642130000.0,1644730000.0,1651490000.0,1512390000.0,1533610000.0,1494230000.0,1418460000.0,1387190000.0,1520790000.0,1542370000.0,1531170000.0,1538220000.0,1591530000.0,1660570000.0,1718000000.0,1800710000.0,1789170000.0
natural gas,2579530000000000.0,2579530000000000.0,2338790000000000.0,2126290000000000.0,1993810000000000.0,1869600000000000.0,1818080000000000.0,1990040000000000.0,2168040000000000.0,2309920000000000.0,2533710000000000.0,2729450000000000.0,2899510000000000.0,3054140000000000.0,3154360000000000.0,3407280000000000.0,3637270000000000.0,3807590000000000.0,3887930000000000.0,3967040000000000.0,4021230000000000.0,4020960000000000.0,4018710000000000.0,3999700000000000.0,3995540000000000.0,3962730000000000.0,3907570000000000.0
nuclear,0.0,0.0,0.0,0.0,0.0,0.0,0.0,0.0,0.0,0.0,0.0,0.0,0.0,0.0,0.0,0.0,0.0,0.0,0.0,0.0,0.0,0.0,0.0,0.0,0.0,0.0,0.0
hydro (is not a fuel),0.0,0.0,0.0,0.0,0.0,0.0,0.0,0.0,0.0,0.0,0.0,0.0,0.0,0.0,0.0,0.0,0.0,0.0,0.0,0.0,0.0,0.0,0.0,0.0,0.0,0.0,0.0
wind (is not a fuel),0.0,0.0,0.0,0.0,0.0,0.0,0.0,0.0,0.0,0.0,0.0,0.0,0.0,0.0,0.0,0.0,0.0,0.0,0.0,0.0,0.0,0.0,0.0,0.0,0.0,0.0,0.0
solar (is not a fuel),0.0,0.0,0.0,0.0,0.0,0.0,0.0,0.0,0.0,0.0,0.0,0.0,0.0,0.0,0.0,0.0,0.0,0.0,0.0,0.0,0.0,0.0,0.0,0.0,0.0,0.0,0.0
biomass,0.0,0.0,0.0,0.0,0.0,0.0,0.0,0.0,0.0,0.0,0.0,0.0,0.0,0.0,0.0,0.0,0.0,0.0,0.0,0.0,0.0,0.0,0.0,0.0,0.0,0.0,0.0
petroleum gasoline,516791000000000.0,516791000000000.0,504265000000000.0,507577000000000.0,511863000000000.0,516159000000000.0,519108000000000.0,518441000000000.0,523038000000000.0,521506000000000.0,519161000000000.0,520262000000000.0,518586000000000.0,518903000000000.0,521811000000000.0,518566000000000.0,522947000000000.0,524588000000000.0,526293000000000.0,526371000000000.0,525705000000000.0,524782000000000.0,520837000000000.0,522948000000000.0,521861000000000.0,523505000000000.0,520982000000000.0
petroleum diesel,305690000000000.0,305690000000000.0,298281000000000.0,300240000000000.0,302775000000000.0,305316000000000.0,307060000000000.0,306666000000000.0,309385000000000.0,308479000000000.0,307091000000000.0,307743000000000.0,306752000000000.0,306939000000000.0,308659000000000.0,306740000000000.0,309331000000000.0,310302000000000.0,311310000000000.0,311356000000000.0,310962000000000.0,310416000000000.0,308083000000000.0,309332000000000.0,308688000000000.0,309661000000000.0,308169000000000.0
biofuel gasoline,0.0,0.0,0.0,0.0,0.0,0.0,0.0,0.0,0.0,0.0,0.0,0.0,0.0,0.0,0.0,0.0,0.0,0.0,0.0,0.0,0.0,0.0,0.0,0.0,0.0,0.0,0.0
biofuel diesel,12957000000000.0,12957000000000.0,15391200000000.0,14798700000000.0,15229300000000.0,15433800000000.0,12809500000000.0,13407100000000.0,13668500000000.0,14288200000000.0,14533400000000.0,14739300000000.0,13846600000000.0,14492900000000.0,14354200000000.0,14136800000000.0,13915500000000.0,13671200000000.0,13428700000000.0,13175400000000.0,12911000000000.0,12635500000000.0,12348500000000.0,12092500000000.0,11781900000000.0,11459100000000.0,11123900000000.0
jet fuel or kerosene,108819000000000.0,108819000000000.0,106182000000000.0,106879000000000.0,107782000000000.0,108686000000000.0,109307000000000.0,109167000000000.0,110135000000000.0,109812000000000.0,109318000000000.0,109550000000000.0,109197000000000.0,109264000000000.0,109876000000000.0,109193000000000.0,110116000000000.0,110461000000000.0,110820000000000.0,110836000000000.0,110696000000000.0,110502000000000.0,109671000000000.0,110116000000000.0,109887000000000.0,110233000000000.0,109702000000000.0
heat (not used in this variable),0.0,0.0,0.0,0.0,0.0,0.0,0.0,0.0,0.0,0.0,0.0,0.0,0.0,0.0,0.0,0.0,0.0,0.0,0.0,0.0,0.0,0.0,0.0,0.0,0.0,0.0,0.0
geothermal (is not a fuel),0.0,0.0,0.0,0.0,0.0,0.0,0.0,0.0,0.0,0.0,0.0,0.0,0.0,0.0,0.0,0.0,0.0,0.0,0.0,0.0,0.0,0.0,0.0,0.0,0.0,0.0,0.0
lignite,0.0,0.0,0.0,0.0,0.0,0.0,0.0,0.0,0.0,0.0,0.0,0.0,0.0,0.0,0.0,0.0,0.0,0.0,0.0,0.0,0.0,0.0,0.0,0.0,0.0,0.0,0.0
crude oil,847769000000000.0,847769000000000.0,821781000000000.0,825510000000000.0,788037000000000.0,751140000000000.0,755888000000000.0,795743000000000.0,818890000000000.0,850496000000000.0,897492000000000.0,903398000000000.0,904013000000000.0,929269000000000.0,921622000000000.0,956910000000000.0,961702000000000.0,969820000000000.0,953769000000000.0,934781000000000.0,918453000000000.0,899232000000000.0,891396000000000.0,885921000000000.0,882433000000000.0,872456000000000.0,858115000000000.0
heavy fuel oil,21138500000000.0,21138500000000.0,20626200000000.0,20761600000000.0,20937000000000.0,21112700000000.0,21233300000000.0,21206000000000.0,21394100000000.0,21331400000000.0,21235500000000.0,21280500000000.0,21212000000000.0,21224900000000.0,21343900000000.0,21211100000000.0,21390300000000.0,21457500000000.0,21527200000000.0,21530400000000.0,21503100000000.0,21465400000000.0,21304000000000.0,21390400000000.0,21345900000000.0,21413100000000.0,21309900000000.0
LPG propane or butane,315346000000000.0,315346000000000.0,322042000000000.0,356535000000000.0,353136000000000.0,354072000000000.0,355939000000000.0,373292000000000.0,389827000000000.0,405511000000000.0,416674000000000.0,425181000000000.0,429798000000000.0,437057000000000.0,444788000000000.0,451470000000000.0,462599000000000.0,472449000000000.0,477878000000000.0,480304000000000.0,478282000000000.0,473291000000000.0,469132000000000.0,470052000000000.0,473015000000000.0,474715000000000.0,473658000000000.0
municipal solid waste,0.0,0.0,0.0,0.0,0.0,0.0,0.0,0.0,0.0,0.0,0.0,0.0,0.0,0.0,0.0,0.0,0.0,0.0,0.0,0.0,0.0,0.0,0.0,0.0,0.0,0.0,0.0
hydrogen,7354750000000.0,7354750000000.0,6984760000000.0,6971210000000.0,6980160000000.0,7049010000000.0,7033680000000.0,6953210000000.0,6935060000000.0,6968710000000.0,7112060000000.0,7180040000000.0,7199110000000.0,7327960000000.0,7394800000000.0,7449490000000.0,7458520000000.0,7504380000000.0,7537790000000.0,7607810000000.0,7760330000000.0,7863420000000.0,7918080000000.0,7997480000000.0,8049470000000.0,8089740000000.0,8136370000000.0
