Pollutant:,NOX,Unit: grams,,,,,,,,,,,,,,,,,,,,,,,,,,,,,,,,,,
,2015.0,2016.0,2017.0,2018.0,2019.0,2020.0,2021.0,2022.0,2023.0,2024.0,2025.0,2026.0,2027.0,2028.0,2029.0,2030.0,2031.0,2032.0,2033.0,2034.0,2035.0,2036.0,2037.0,2038.0,2039.0,2040.0,2041.0,2042.0,2043.0,2044.0,2045.0,2046.0,2047.0,2048.0,2049.0,2050.0
agriculture and forestry 01T03,0.0,0.0,0.0,0.0,0.0,23550.543024227234,23712.61487050961,23874.68671679198,25245.844269466317,25779.208184847128,26051.123373549744,26263.472313920363,26471.24059531205,26657.023407087643,26864.22815180347,27064.3904651219,27016.50511145604,27032.21490251438,26917.561492872926,26868.12493169529,26810.32838087879,26788.08618004109,26757.748110078286,26758.31481742115,26758.49951919812,26758.803717738843,26748.47946154559,26785.497216785992,26813.511307336794,26852.725685766294,26925.260721898263,27154.260649430486,27386.47574452426,27625.879541810904,27832.72582108167,28046.712513874718
coal mining 05,0.0,0.0,0.0,0.0,0.0,0.0,0.0,0.0,0.0,0.0,0.0,0.0,0.0,0.0,0.0,0.0,0.0,0.0,0.0,0.0,0.0,0.0,0.0,0.0,0.0,0.0,0.0,0.0,0.0,0.0,0.0,0.0,0.0,0.0,0.0,0.0
oil and gas extraction 06,0.0,0.0,0.0,0.0,0.0,56533714902.30906,57554867211.36767,54534654121.53783,54712149375.0,59202727689.578995,60225128540.50111,58133386235.00365,59287639564.615524,61150344373.86961,62468921498.75079,64168328773.60818,65381044633.564575,66378958392.070465,66848063020.00721,67031846444.29141,67506895674.32456,67423776334.710526,67579899615.49881,67835393096.05478,67896147446.584915,69015267764.78333,69271601111.84215,69883787542.0681,70048817131.55402,70355869602.10493,70867554490.74873,71438773936.61089,71697310253.4851,71408191895.89973,71734028314.96689,72380140829.6868
other mining and quarrying 07T08,0.0,0.0,0.0,0.0,0.0,0.0,0.0,0.0,0.0,0.0,0.0,0.0,0.0,0.0,0.0,0.0,0.0,0.0,0.0,0.0,0.0,0.0,0.0,0.0,0.0,0.0,0.0,0.0,0.0,0.0,0.0,0.0,0.0,0.0,0.0,0.0
food beverage and tobacco 10T12,0.0,0.0,0.0,0.0,0.0,0.0,0.0,0.0,0.0,0.0,0.0,0.0,0.0,0.0,0.0,0.0,0.0,0.0,0.0,0.0,0.0,0.0,0.0,0.0,0.0,0.0,0.0,0.0,0.0,0.0,0.0,0.0,0.0,0.0,0.0,0.0
textiles apparel and leather 13T15,0.0,0.0,0.0,0.0,0.0,0.0,0.0,0.0,0.0,0.0,0.0,0.0,0.0,0.0,0.0,0.0,0.0,0.0,0.0,0.0,0.0,0.0,0.0,0.0,0.0,0.0,0.0,0.0,0.0,0.0,0.0,0.0,0.0,0.0,0.0,0.0
wood products 16,0.0,0.0,0.0,0.0,0.0,0.0,0.0,0.0,0.0,0.0,0.0,0.0,0.0,0.0,0.0,0.0,0.0,0.0,0.0,0.0,0.0,0.0,0.0,0.0,0.0,0.0,0.0,0.0,0.0,0.0,0.0,0.0,0.0,0.0,0.0,0.0
pulp paper and printing 17T18,0.0,0.0,0.0,0.0,0.0,901076977.7306468,914056940.6150583,968423386.9666553,1003540937.0480658,993434255.4964801,992585818.0015682,996408655.4094969,995636668.7347581,999784947.105811,1006618615.1906314,1011786466.5991887,1021879689.5260895,1031648564.362656,1037511372.5370444,1045018269.6723456,1052276863.1341051,1054346742.0312908,1058365513.5349858,1068554011.8405496,1069128437.6250042,1078889830.0920951,1092531370.2095113,1102955996.0744176,1110778904.172003,1114998317.9179423,1118544982.16839,1122418580.9061708,1122219902.9087062,1123853151.0989604,1126939773.8362267,1130655217.483346
refined petroleum and coke 19,0.0,0.0,0.0,0.0,0.0,2134506534.1670387,2140602775.7927644,2147247024.7933884,1986204758.7468557,2598752546.147791,2731084588.580065,2885771140.2152143,3004930769.656207,2985199848.3965297,2922490197.613499,2905974324.6497984,2864935868.086301,2938035942.5314994,2954663822.849024,2949671943.4737477,3001798990.9916096,3006824447.426444,3041610929.0971656,3008158143.5212445,3010470798.9250827,3015762184.539632,2985567088.0536675,3012768912.650435,3000355049.5947814,3020162686.008209,3029607565.5702453,3252193382.771526,3250676568.194805,3112113679.202766,3027474340.8371587,3058132436.7880573
chemicals 20,0.0,0.0,0.0,0.0,0.0,380388361.5412316,45753421.39300949,33484876.516997598,37454081.658072494,66985328.67680919,35977579.64342529,16617860.67638241,29137415.286884565,41952624.70306584,53481980.4803483,62286326.67299877,68634810.33243698,73784148.88439517,84814520.54670845,94439650.15877229,101939532.83351249,112838721.97327359,122805851.53511144,130273934.72812213,137025793.55665928,143220494.02502814,148935853.48197043,160083121.15207782,173298156.22588068,183439266.27570373,195609448.1157058,199980108.82714194,203833472.10024709,206421327.45482948,212705715.14893433,221205551.10707614
rubber and plastic products 22,0.0,0.0,0.0,0.0,0.0,0.0,0.0,0.0,0.0,0.0,0.0,0.0,0.0,0.0,0.0,0.0,0.0,0.0,0.0,0.0,0.0,0.0,0.0,0.0,0.0,0.0,0.0,0.0,0.0,0.0,0.0,0.0,0.0,0.0,0.0,0.0
glass and glass products 231,0.0,0.0,0.0,0.0,0.0,0.0,0.0,0.0,0.0,0.0,0.0,0.0,0.0,0.0,0.0,0.0,0.0,0.0,0.0,0.0,0.0,0.0,0.0,0.0,0.0,0.0,0.0,0.0,0.0,0.0,0.0,0.0,0.0,0.0,0.0,0.0
cement and other nonmetallic minerals 239,0.0,0.0,0.0,0.0,0.0,4104174469.194828,4294796653.2652397,4095275461.309524,4268992037.5123396,4857054472.123169,4420380365.380275,4092276925.3843355,3889060624.736503,3723273437.1444483,3673328367.865755,3616605103.584269,3565977813.922376,3520510630.4050493,2920717795.2408133,2809074318.4235168,2684979781.835252,2566534060.1783795,2492895289.2015376,2430491533.0708776,2329630857.23582,2264658325.016301,2194128432.8823786,2133244362.5318537,2087619031.1497488,2053873576.909327,2000829712.917164,1966811535.1557071,1936287064.2787282,1903785656.7627573,1880742184.310035,1863659057.851798
iron and steel 241,0.0,0.0,0.0,0.0,0.0,776588030.2589468,785545574.6290369,926605775.3647778,901972067.4967235,874388620.3267206,815978212.0550629,734099621.1046025,703523467.5318003,713307356.3712804,715609431.5769894,707358985.7270328,692096466.8255783,666379807.0501541,666392613.837129,677735235.6648493,680839206.7885405,687991211.4091173,695584328.3978295,702090709.7972071,710511778.5044574,716577023.40464,718660258.3662336,725801257.0396287,739161027.4966164,746892840.8798656,749243733.4379568,747034672.6696296,738269528.4804003,728152296.1693364,728563724.641723,735388371.5050596
other metals 242,0.0,0.0,0.0,0.0,0.0,1251642.4242424243,1289840.4040404041,1307809.5916230367,1420619.4209354122,1468094.9488343296,1451765.8953588165,1445344.1115040139,1476861.9517202745,1530549.2875001845,1574527.0631532248,1611743.8911308066,1633014.6645320926,1636370.319756367,1635477.6885694219,1639543.7245890785,1649581.1220472343,1665080.7120237374,1681886.3661295723,1694978.7080454426,1704716.7684196194,1721610.461952965,1734562.449823379,1744568.8441976316,1761123.0878461588,1778509.4758755944,1787179.2164829015,1790031.4356222304,1792313.6949456986,1796610.5695627749,1801159.2534745024,1800750.5718282307
metal products except machinery and vehicles 25,0.0,0.0,0.0,0.0,0.0,0.0,0.0,0.0,0.0,0.0,0.0,0.0,0.0,0.0,0.0,0.0,0.0,0.0,0.0,0.0,0.0,0.0,0.0,0.0,0.0,0.0,0.0,0.0,0.0,0.0,0.0,0.0,0.0,0.0,0.0,0.0
computers and electronics 26,0.0,0.0,0.0,0.0,0.0,0.0,0.0,0.0,0.0,0.0,0.0,0.0,0.0,0.0,0.0,0.0,0.0,0.0,0.0,0.0,0.0,0.0,0.0,0.0,0.0,0.0,0.0,0.0,0.0,0.0,0.0,0.0,0.0,0.0,0.0,0.0
appliances and electrical equipment 27,0.0,0.0,0.0,0.0,0.0,0.0,0.0,0.0,0.0,0.0,0.0,0.0,0.0,0.0,0.0,0.0,0.0,0.0,0.0,0.0,0.0,0.0,0.0,0.0,0.0,0.0,0.0,0.0,0.0,0.0,0.0,0.0,0.0,0.0,0.0,0.0
other machinery 28,0.0,0.0,0.0,0.0,0.0,0.0,0.0,0.0,0.0,0.0,0.0,0.0,0.0,0.0,0.0,0.0,0.0,0.0,0.0,0.0,0.0,0.0,0.0,0.0,0.0,0.0,0.0,0.0,0.0,0.0,0.0,0.0,0.0,0.0,0.0,0.0
road vehicles 29,0.0,0.0,0.0,0.0,0.0,0.0,0.0,0.0,0.0,0.0,0.0,0.0,0.0,0.0,0.0,0.0,0.0,0.0,0.0,0.0,0.0,0.0,0.0,0.0,0.0,0.0,0.0,0.0,0.0,0.0,0.0,0.0,0.0,0.0,0.0,0.0
nonroad vehicles 30,0.0,0.0,0.0,0.0,0.0,0.0,0.0,0.0,0.0,0.0,0.0,0.0,0.0,0.0,0.0,0.0,0.0,0.0,0.0,0.0,0.0,0.0,0.0,0.0,0.0,0.0,0.0,0.0,0.0,0.0,0.0,0.0,0.0,0.0,0.0,0.0
other manufacturing 31T33,0.0,0.0,0.0,0.0,0.0,107010631.00189036,107909218.8405797,117329629.21815535,127566404.1445014,125488660.84477012,122094374.72174568,120365466.96227086,120116108.26200928,120547284.23016658,122355222.71783946,124569547.40518773,126718215.26421957,130361582.09584339,133475826.38317528,136699205.19930148,139454013.5492792,141107194.1607141,143228476.3779396,146334251.1234586,148242236.44368505,151108485.28494346,153902198.07466513,156269558.872007,158141416.66622195,159984237.0832811,162118316.2315742,165808435.55924642,168114677.11800462,170112775.4734577,172314325.22600755,174571925.21942177
energy pipelines and gas processing 352T353,0.0,0.0,0.0,0.0,0.0,185633780.7435653,184924518.5891325,213359567.18560228,233305504.27350426,267933253.5303448,272895975.81437224,274450833.54297286,292428921.607088,315017771.6223884,318553590.5530269,323656219.4487806,319905077.42552435,313259867.54912823,302023367.3730766,294496787.06923497,291423407.8785422,291129296.02726626,291378895.81005377,287787418.17610073,289095385.9520869,287700240.16757965,284749330.24846804,284478772.23847455,286092496.8776496,287480006.9606635,289042840.5487105,290018210.63963515,288092396.3496469,286895198.90281844,288315096.7139571,291532581.4867815
water and waste 36T39,0.0,0.0,0.0,0.0,0.0,0.0,0.0,0.0,0.0,0.0,0.0,0.0,0.0,0.0,0.0,0.0,0.0,0.0,0.0,0.0,0.0,0.0,0.0,0.0,0.0,0.0,0.0,0.0,0.0,0.0,0.0,0.0,0.0,0.0,0.0,0.0
construction 41T43,0.0,0.0,0.0,0.0,0.0,0.0,0.0,0.0,0.0,0.0,0.0,0.0,0.0,0.0,0.0,0.0,0.0,0.0,0.0,0.0,0.0,0.0,0.0,0.0,0.0,0.0,0.0,0.0,0.0,0.0,0.0,0.0,0.0,0.0,0.0,0.0
